{"stats":{"minecraft:mined":{"minecraft:iron_ore":6,"minecraft:spruce_log":7,"minecraft:crafting_table":2,"minecraft:short_grass":1,"minecraft:oak_log":14,"minecraft:coal_ore":7,"minecraft:dead_bush":1,"minecraft:cobblestone":12,"minecraft:stone":6,"minecraft:fern":1},"minecraft:crafted":{"minecraft:cooked_beef":3,"minecraft:crafting_table":1,"minecraft:spruce_planks":28,"minecraft:stick":8,"minecraft:wooden_pickaxe":1,"minecraft:stone_pickaxe":1,"minecraft:stone_sword":1,"minecraft:furnace":1,"minecraft:stone_axe":1,"minecraft:air":0},"minecraft:killed":{"minecraft:pig":4,"minecraft:cow":2},"minecraft:custom":{"minecraft:time_since_rest":15993,"minecraft:interact_with_furnace":4,"minecraft:sprint_one_cm":55735,"minecraft:damage_taken":10,"minecraft:walk_one_cm":10342,"minecraft:mob_kills":6,"minecraft:drop":2,"minecraft:damage_dealt":600,"minecraft:interact_with_crafting_table":4,"minecraft:fly_one_cm":42000,"minecraft:crouch_one_cm":12,"minecraft:play_time":15993,"minecraft:sneak_time":52,"minecraft:jump":168,"minecraft:leave_game":2,"minecraft:time_since_death":15993,"minecraft:total_world_time":15993,"minecraft:fall_one_cm":6090},"minecraft:dropped":{"minecraft:light_gray_wool":1,"minecraft:wooden_pickaxe":1},"minecraft:used":{"minecraft:stone_pickaxe":28,"minecraft:wooden_pickaxe":12,"minecraft:stone_axe":22,"minecraft:cobblestone":1,"minecraft:crafting_table":2,"minecraft:furnace":1,"minecraft:cooked_beef":2},"minecraft:picked_up":{"minecraft:crafting_table":2,"minecraft:raw_iron":6,"minecraft:leather":2,"minecraft:porkchop":6,"minecraft:oak_log":14,"minecraft:spruce_log":7,"minecraft:beef":3,"minecraft:light_gray_wool":1,"minecraft:mutton":3,"minecraft:coal":7,"minecraft:white_wool":1,"minecraft:cobblestone":18}},"DataVersion":3953}