{"stats":{"minecraft:mined":{"minecraft:white_bed":2,"minecraft:oak_sapling":2,"minecraft:smoker":1,"minecraft:crafting_table":3,"minecraft:short_grass":2,"minecraft:dead_bush":1,"minecraft:cobblestone":12,"minecraft:furnace":2,"minecraft:iron_ore":6,"minecraft:spruce_log":7,"minecraft:coal_ore":7,"minecraft:oak_log":34,"minecraft:sand":6,"minecraft:stone":19,"minecraft:oak_leaves":1,"minecraft:fern":1},"minecraft:crafted":{"minecraft:cooked_beef":3,"minecraft:cooked_porkchop":6,"minecraft:crafting_table":1,"minecraft:spruce_planks":28,"minecraft:wooden_pickaxe":1,"minecraft:furnace":2,"minecraft:stone_axe":1,"minecraft:cooked_mutton":3,"minecraft:air":0,"minecraft:charcoal":23,"minecraft:stick":8,"minecraft:iron_ingot":6,"minecraft:stone_pickaxe":1,"minecraft:stone_sword":1,"minecraft:white_bed":1,"minecraft:torch":16,"minecraft:smoker":1},"minecraft:killed":{"minecraft:pig":4,"minecraft:zombie":1,"minecraft:cow":6},"minecraft:custom":{"minecraft:interact_with_furnace":28,"minecraft:mob_kills":11,"minecraft:interact_with_crafting_table":12,"minecraft:leave_game":2,"minecraft:time_since_death":45993,"minecraft:sleep_in_bed":2,"minecraft:time_since_rest":11809,"minecraft:sprint_one_cm":91819,"minecraft:damage_taken":70,"minecraft:walk_one_cm":24308,"minecraft:drop":4,"minecraft:damage_dealt":1140,"minecraft:swim_one_cm":24528,"minecraft:fly_one_cm":80532,"minecraft:open_chest":5,"minecraft:crouch_one_cm":274,"minecraft:play_time":45993,"minecraft:sneak_time":902,"minecraft:walk_under_water_one_cm":8140,"minecraft:jump":324,"minecraft:walk_on_water_one_cm":4255,"minecraft:total_world_time":45993,"minecraft:interact_with_smoker":7,"minecraft:fall_one_cm":9875},"minecraft:dropped":{"minecraft:light_gray_wool":1,"minecraft:sand":3,"minecraft:wooden_pickaxe":1},"minecraft:used":{"minecraft:stone_pickaxe":44,"minecraft:wooden_pickaxe":12,"minecraft:torch":1,"minecraft:sand":2,"minecraft:crafting_table":3,"minecraft:white_bed":3,"minecraft:smoker":1,"minecraft:oak_log":7,"minecraft:stone_axe":52,"minecraft:cobblestone":1,"minecraft:furnace":2,"minecraft:oak_sapling":10,"minecraft:cooked_beef":2},"minecraft:picked_up":{"minecraft:charcoal":19,"minecraft:crafting_table":3,"minecraft:leather":7,"minecraft:smoker":1,"minecraft:oak_log":34,"minecraft:wheat_seeds":1,"minecraft:beef":11,"minecraft:light_gray_wool":1,"minecraft:furnace":2,"minecraft:stick":5,"minecraft:raw_iron":6,"minecraft:torch":1,"minecraft:porkchop":12,"minecraft:sand":5,"minecraft:white_bed":2,"minecraft:spruce_log":7,"minecraft:oak_sapling":10,"minecraft:cobblestone":31,"minecraft:mutton":3,"minecraft:coal":7,"minecraft:white_wool":1}},"DataVersion":3953}