{"stats":{"minecraft:custom":{"minecraft:interact_with_furnace":15,"minecraft:mob_kills":8,"minecraft:interact_with_crafting_table":25,"minecraft:pot_flower":1,"minecraft:leave_game":1,"minecraft:time_since_death":40811,"minecraft:sleep_in_bed":1,"minecraft:climb_one_cm":8274,"minecraft:time_since_rest":27049,"minecraft:sprint_one_cm":86010,"minecraft:damage_taken":124,"minecraft:walk_one_cm":82620,"minecraft:drop":23,"minecraft:damage_dealt":640,"minecraft:talked_to_villager":2,"minecraft:fly_one_cm":54103,"minecraft:open_chest":8,"minecraft:crouch_one_cm":6331,"minecraft:play_time":40811,"minecraft:sneak_time":4692,"minecraft:jump":249,"minecraft:interact_with_brewingstand":1,"minecraft:total_world_time":40811,"minecraft:fall_one_cm":7275},"minecraft:broken":{"minecraft:stone_pickaxe":1},"minecraft:crafted":{"minecraft:crafting_table":1,"minecraft:spruce_planks":24,"minecraft:wooden_pickaxe":1,"minecraft:spruce_door":3,"minecraft:furnace":1,"minecraft:stone":42,"minecraft:stone_axe":1,"minecraft:bread":2,"minecraft:air":0,"minecraft:stone_brick_slab":126,"minecraft:stick":12,"minecraft:stone_pickaxe":2,"minecraft:stone_sword":1,"minecraft:torch":4,"minecraft:stone_bricks":40},"minecraft:used":{"minecraft:iron_bars":1,"minecraft:stone_sword":25,"minecraft:spruce_door":1,"minecraft:spruce_slab":1,"minecraft:stone_pickaxe":233,"minecraft:spruce_planks":1,"minecraft:wooden_pickaxe":9,"minecraft:cauldron":1,"minecraft:cracked_stone_bricks":3,"minecraft:torch":9,"minecraft:mossy_cobblestone":9,"minecraft:brewing_stand":1,"minecraft:dirt":9,"minecraft:white_carpet":2,"minecraft:crafting_table":2,"minecraft:spruce_stairs":2,"minecraft:granite":3,"minecraft:stone_brick_slab":130,"minecraft:flower_pot":1,"minecraft:apple":2,"minecraft:bread":2,"minecraft:stone_bricks":43,"minecraft:stone_axe":4,"minecraft:cobblestone":5,"minecraft:furnace":1,"minecraft:splash_potion":1},"minecraft:killed":{"minecraft:silverfish":8},"minecraft:mined":{"minecraft:red_carpet":2,"minecraft:spruce_planks":1,"minecraft:mossy_cobblestone":26,"minecraft:infested_stone_bricks":4,"minecraft:stone_brick_slab":9,"minecraft:potted_cactus":1,"minecraft:brewing_stand":1,"minecraft:crafting_table":1,"minecraft:granite":6,"minecraft:grass_block":3,"minecraft:cobblestone":59,"minecraft:spruce_leaves":5,"minecraft:sugar_cane":1,"minecraft:wall_torch":3,"minecraft:chiseled_stone_bricks":7,"minecraft:spawner":1,"minecraft:spruce_stairs":2,"minecraft:iron_ore":1,"minecraft:white_carpet":2,"minecraft:spruce_log":6,"minecraft:andesite":5,"minecraft:infested_mossy_stone_bricks":1,"minecraft:water_cauldron":1,"minecraft:iron_bars":2,"minecraft:dirt":6,"minecraft:cobweb":1,"minecraft:cracked_stone_bricks":7,"minecraft:polished_andesite":1,"minecraft:stone":29,"minecraft:stone_bricks":66,"minecraft:mossy_stone_bricks":13,"minecraft:spruce_slab":1,"minecraft:infested_stone":1},"minecraft:dropped":{"minecraft:mossy_cobblestone":136,"minecraft:granite":12,"minecraft:cracked_stone_bricks":4,"minecraft:polished_andesite":1,"minecraft:chiseled_stone_bricks":7,"minecraft:andesite":13,"minecraft:mossy_stone_bricks":16,"minecraft:wooden_pickaxe":1,"minecraft:string":1},"minecraft:picked_up":{"minecraft:crafting_table":1,"minecraft:flower_pot":1,"minecraft:andesite":13,"minecraft:brewing_stand":1,"minecraft:string":1,"minecraft:dirt":9,"minecraft:white_carpet":2,"minecraft:red_carpet":2,"minecraft:oak_sign":1,"minecraft:stone_bricks":66,"minecraft:cracked_stone_bricks":7,"minecraft:spruce_planks":1,"minecraft:mossy_stone_bricks":16,"minecraft:spruce_slab":1,"minecraft:sugar_cane":5,"minecraft:raw_iron":1,"minecraft:chiseled_stone_bricks":7,"minecraft:stone_brick_slab":10,"minecraft:torch":7,"minecraft:spruce_stairs":2,"minecraft:spruce_log":6,"minecraft:mossy_cobblestone":145,"minecraft:cauldron":1,"minecraft:polished_andesite":1,"minecraft:cactus":1,"minecraft:granite":15,"minecraft:iron_bars":2,"minecraft:cobblestone":87}},"DataVersion":3953}