{"stats":{"minecraft:mined":{"minecraft:white_bed":8,"minecraft:dark_oak_leaves":6,"minecraft:smoker":1,"minecraft:crafting_table":6,"minecraft:grass_block":2,"minecraft:cobblestone":7,"minecraft:sugar_cane":3,"minecraft:oak_planks":12,"minecraft:wall_torch":1,"minecraft:birch_sapling":2,"minecraft:magma_block":9,"minecraft:furnace":3,"minecraft:birch_log":50,"minecraft:iron_ore":18,"minecraft:birch_leaves":10,"minecraft:coal_ore":8,"minecraft:oak_log":18,"minecraft:dirt":4,"minecraft:stone":49,"minecraft:netherrack":11,"minecraft:oak_leaves":8},"minecraft:crafted":{"minecraft:cooked_beef":10,"minecraft:wooden_sword":1,"minecraft:oak_slab":24,"minecraft:oak_planks":48,"minecraft:cooked_porkchop":1,"minecraft:crafting_table":1,"minecraft:wooden_pickaxe":1,"minecraft:furnace":2,"minecraft:stone_axe":2,"minecraft:cooked_mutton":13,"minecraft:air":0,"minecraft:charcoal":52,"minecraft:shield":1,"minecraft:stick":8,"minecraft:iron_ingot":8,"minecraft:iron_pickaxe":1,"minecraft:stone_pickaxe":1,"minecraft:white_bed":2,"minecraft:torch":12,"minecraft:smoker":1},"minecraft:killed":{"minecraft:pig":1,"minecraft:spider":1,"minecraft:sheep":11,"minecraft:cow":16},"minecraft:custom":{"minecraft:interact_with_furnace":23,"minecraft:mob_kills":30,"minecraft:interact_with_crafting_table":17,"minecraft:leave_game":4,"minecraft:time_since_death":89838,"minecraft:sleep_in_bed":6,"minecraft:time_since_rest":5626,"minecraft:sprint_one_cm":355853,"minecraft:damage_taken":334,"minecraft:walk_one_cm":69323,"minecraft:drop":11,"minecraft:damage_dealt":2925,"minecraft:swim_one_cm":28657,"minecraft:fly_one_cm":248532,"minecraft:open_chest":5,"minecraft:crouch_one_cm":1816,"minecraft:play_time":89838,"minecraft:sneak_time":1875,"minecraft:walk_under_water_one_cm":4814,"minecraft:jump":1033,"minecraft:walk_on_water_one_cm":5862,"minecraft:interact_with_smoker":17,"minecraft:total_world_time":89838,"minecraft:fall_one_cm":44532},"minecraft:dropped":{"minecraft:iron_nugget":8,"minecraft:birch_sapling":2,"minecraft:spider_eye":1,"minecraft:wooden_sword":1,"minecraft:arrow":1,"minecraft:stone_pickaxe":1,"minecraft:wooden_pickaxe":2,"minecraft:string":1,"minecraft:bone":1},"minecraft:used":{"minecraft:cooked_mutton":11,"minecraft:stone_pickaxe":61,"minecraft:oak_planks":12,"minecraft:wooden_pickaxe":15,"minecraft:sugar_cane":7,"minecraft:netherrack":11,"minecraft:torch":2,"minecraft:dirt":6,"minecraft:crafting_table":7,"minecraft:white_bed":9,"minecraft:smoker":1,"minecraft:birch_sapling":15,"minecraft:iron_pickaxe":33,"minecraft:stone_axe":111,"minecraft:golden_sword":5,"minecraft:wooden_sword":2,"minecraft:magma_block":9,"minecraft:cobblestone":19,"minecraft:furnace":4,"minecraft:oak_sapling":1,"minecraft:cooked_porkchop":1,"minecraft:birch_log":5,"minecraft:cooked_beef":1},"minecraft:broken":{"minecraft:stone_axe":1},"minecraft:picked_up":{"minecraft:birch_log":55,"minecraft:magma_block":9,"minecraft:crafting_table":6,"minecraft:leather":17,"minecraft:smoker":1,"minecraft:wooden_pickaxe":1,"minecraft:oak_log":18,"minecraft:string":1,"minecraft:dirt":6,"minecraft:bone":1,"minecraft:beef":37,"minecraft:sugar_cane":7,"minecraft:birch_sapling":17,"minecraft:oak_planks":12,"minecraft:furnace":3,"minecraft:stick":7,"minecraft:raw_iron":16,"minecraft:torch":1,"minecraft:porkchop":1,"minecraft:white_bed":8,"minecraft:spider_eye":1,"minecraft:arrow":1,"minecraft:oak_sapling":1,"minecraft:coal":11,"minecraft:netherrack":11,"minecraft:mutton":15,"minecraft:cobblestone":56,"minecraft:white_wool":11}},"DataVersion":3953}