{"stats":{"minecraft:custom":{"minecraft:time_since_rest":2643,"minecraft:interact_with_furnace":4,"minecraft:sprint_one_cm":124313,"minecraft:damage_taken":100,"minecraft:walk_one_cm":19033,"minecraft:mob_kills":16,"minecraft:drop":3,"minecraft:damage_dealt":1400,"minecraft:swim_one_cm":7827,"minecraft:interact_with_crafting_table":7,"minecraft:fly_one_cm":87442,"minecraft:crouch_one_cm":65,"minecraft:play_time":23553,"minecraft:sneak_time":53,"minecraft:walk_under_water_one_cm":245,"minecraft:jump":365,"minecraft:walk_on_water_one_cm":1651,"minecraft:leave_game":1,"minecraft:time_since_death":23553,"minecraft:sleep_in_bed":2,"minecraft:total_world_time":23553,"minecraft:fall_one_cm":17370},"minecraft:crafted":{"minecraft:cooked_beef":1,"minecraft:wooden_sword":1,"minecraft:oak_planks":48,"minecraft:crafting_table":1,"minecraft:stick":8,"minecraft:wooden_pickaxe":1,"minecraft:stone_pickaxe":1,"minecraft:furnace":1,"minecraft:white_bed":1,"minecraft:stone_axe":1,"minecraft:cooked_mutton":4,"minecraft:air":0},"minecraft:mined":{"minecraft:white_bed":2,"minecraft:furnace":1,"minecraft:birch_leaves":1,"minecraft:crafting_table":3,"minecraft:grass_block":1,"minecraft:oak_log":18,"minecraft:stone":15,"minecraft:oak_leaves":6},"minecraft:used":{"minecraft:cooked_mutton":4,"minecraft:stone_pickaxe":3,"minecraft:wooden_pickaxe":15,"minecraft:stone_axe":29,"minecraft:wooden_sword":2,"minecraft:dirt":1,"minecraft:cobblestone":1,"minecraft:crafting_table":3,"minecraft:oak_sapling":1,"minecraft:furnace":1,"minecraft:white_bed":2,"minecraft:cooked_beef":1},"minecraft:killed":{"minecraft:sheep":10,"minecraft:pig":1,"minecraft:cow":5},"minecraft:dropped":{"minecraft:wooden_sword":1,"minecraft:wooden_pickaxe":2},"minecraft:picked_up":{"minecraft:stick":1,"minecraft:crafting_table":3,"minecraft:leather":4,"minecraft:wooden_pickaxe":1,"minecraft:porkchop":1,"minecraft:oak_log":18,"minecraft:white_bed":2,"minecraft:dirt":1,"minecraft:beef":10,"minecraft:oak_sapling":1,"minecraft:mutton":13,"minecraft:white_wool":10,"minecraft:cobblestone":15,"minecraft:furnace":1}},"DataVersion":3953}