{"stats":{"minecraft:mined":{"minecraft:brown_mushroom":1,"minecraft:white_bed":6,"minecraft:oak_sapling":2,"minecraft:dark_oak_leaves":10,"minecraft:smoker":2,"minecraft:dark_oak_log":7,"minecraft:stripped_birch_log":1,"minecraft:spruce_door":4,"minecraft:crafting_table":7,"minecraft:torch":2,"minecraft:short_grass":23,"minecraft:melon":8,"minecraft:chest":1,"minecraft:dead_bush":1,"minecraft:mushroom_stem":1,"minecraft:cobblestone":12,"minecraft:oak_planks":2,"minecraft:sugar_cane":4,"minecraft:moss_block":1,"minecraft:wall_torch":4,"minecraft:large_fern":3,"minecraft:furnace":3,"minecraft:birch_log":19,"minecraft:iron_ore":12,"minecraft:spruce_log":7,"minecraft:andesite":1,"minecraft:stone_brick_stairs":1,"minecraft:coal_ore":7,"minecraft:oak_log":34,"minecraft:deepslate_iron_ore":2,"minecraft:dirt":2,"minecraft:sand":22,"minecraft:stone":23,"minecraft:white_wool":1,"minecraft:oak_leaves":1,"minecraft:fern":10,"minecraft:suspicious_gravel":1},"minecraft:crafted":{"minecraft:cooked_beef":22,"minecraft:stone_shovel":1,"minecraft:cooked_porkchop":8,"minecraft:crafting_table":1,"minecraft:spruce_planks":28,"minecraft:wooden_pickaxe":1,"minecraft:spruce_door":3,"minecraft:furnace":2,"minecraft:birch_planks":52,"minecraft:stone_axe":2,"minecraft:cooked_mutton":3,"minecraft:air":0,"minecraft:charcoal":23,"minecraft:stick":64,"minecraft:iron_ingot":9,"minecraft:stone_pickaxe":1,"minecraft:stone_sword":1,"minecraft:iron_leggings":1,"minecraft:white_bed":1,"minecraft:dark_oak_planks":20,"minecraft:torch":16,"minecraft:smoker":1},"minecraft:killed":{"minecraft:parrot":1,"minecraft:pig":8,"minecraft:spider":1,"minecraft:skeleton":2,"minecraft:sheep":2,"minecraft:zombie":2,"minecraft:cow":12},"minecraft:custom":{"minecraft:interact_with_furnace":40,"minecraft:mob_kills":28,"minecraft:interact_with_crafting_table":21,"minecraft:leave_game":2,"minecraft:time_since_death":105993,"minecraft:sleep_in_bed":7,"minecraft:climb_one_cm":100,"minecraft:time_since_rest":7782,"minecraft:sprint_one_cm":251969,"minecraft:damage_taken":343,"minecraft:walk_one_cm":66834,"minecraft:drop":15,"minecraft:damage_dealt":3250,"minecraft:swim_one_cm":97888,"minecraft:fly_one_cm":221648,"minecraft:open_chest":6,"minecraft:crouch_one_cm":1243,"minecraft:play_time":105993,"minecraft:sneak_time":2367,"minecraft:walk_under_water_one_cm":28546,"minecraft:jump":859,"minecraft:walk_on_water_one_cm":14781,"minecraft:total_world_time":105993,"minecraft:interact_with_smoker":20,"minecraft:fall_one_cm":27071},"minecraft:dropped":{"minecraft:wheat_seeds":3,"minecraft:stone_sword":2,"minecraft:diamond":1,"minecraft:birch_sapling":3,"minecraft:light_gray_wool":1,"minecraft:filled_map":1,"minecraft:sand":16,"minecraft:wooden_pickaxe":1,"minecraft:string":2},"minecraft:used":{"minecraft:moss_block":1,"minecraft:cooked_mutton":3,"minecraft:stone_sword":25,"minecraft:spruce_door":4,"minecraft:oak_planks":2,"minecraft:stone_shovel":3,"minecraft:stone_pickaxe":63,"minecraft:wooden_pickaxe":12,"minecraft:brown_mushroom":1,"minecraft:white_wool":1,"minecraft:torch":7,"minecraft:dirt":2,"minecraft:sand":22,"minecraft:crafting_table":7,"minecraft:white_bed":6,"minecraft:smoker":2,"minecraft:oak_log":7,"minecraft:dark_oak_log":7,"minecraft:birch_sapling":2,"minecraft:stone_brick_stairs":1,"minecraft:stone_axe":120,"minecraft:bow":1,"minecraft:cobblestone":7,"minecraft:furnace":3,"minecraft:oak_sapling":10,"minecraft:cooked_cod":6,"minecraft:andesite":1,"minecraft:birch_log":7,"minecraft:cooked_beef":3,"minecraft:iron_leggings":1},"minecraft:broken":{"minecraft:stone_axe":1},"minecraft:picked_up":{"minecraft:birch_log":19,"minecraft:charcoal":19,"minecraft:crafting_table":7,"minecraft:feather":1,"minecraft:andesite":1,"minecraft:leather":13,"minecraft:brown_mushroom":1,"minecraft:smoker":2,"minecraft:stone_brick_stairs":1,"minecraft:oak_log":34,"minecraft:dirt":2,"minecraft:string":2,"minecraft:stripped_birch_log":1,"minecraft:bow":1,"minecraft:wheat_seeds":5,"minecraft:beef":25,"minecraft:oak_planks":2,"minecraft:light_gray_wool":1,"minecraft:sugar_cane":6,"minecraft:melon_slice":48,"minecraft:moss_block":1,"minecraft:birch_sapling":5,"minecraft:chest":1,"minecraft:furnace":3,"minecraft:dark_oak_sapling":1,"minecraft:stick":13,"minecraft:raw_iron":14,"minecraft:torch":7,"minecraft:porkchop":20,"minecraft:sand":38,"minecraft:white_bed":6,"minecraft:spruce_log":7,"minecraft:dark_oak_log":12,"minecraft:spruce_door":4,"minecraft:stone_sword":2,"minecraft:arrow":1,"minecraft:diamond":1,"minecraft:oak_sapling":10,"minecraft:cobblestone":35,"minecraft:mutton":7,"minecraft:coal":7,"minecraft:white_wool":4}},"DataVersion":3953}