{"stats":{"minecraft:custom":{"minecraft:time_since_rest":3527,"minecraft:interact_with_furnace":4,"minecraft:sprint_one_cm":30468,"minecraft:damage_taken":20,"minecraft:walk_one_cm":7371,"minecraft:mob_kills":7,"minecraft:drop":3,"minecraft:damage_dealt":640,"minecraft:interact_with_crafting_table":7,"minecraft:fly_one_cm":17811,"minecraft:crouch_one_cm":65,"minecraft:play_time":11553,"minecraft:sneak_time":53,"minecraft:jump":108,"minecraft:walk_on_water_one_cm":825,"minecraft:leave_game":1,"minecraft:time_since_death":11553,"minecraft:sleep_in_bed":1,"minecraft:total_world_time":11553,"minecraft:fall_one_cm":2599},"minecraft:crafted":{"minecraft:cooked_beef":1,"minecraft:wooden_sword":1,"minecraft:oak_planks":48,"minecraft:crafting_table":1,"minecraft:stick":8,"minecraft:wooden_pickaxe":1,"minecraft:stone_pickaxe":1,"minecraft:furnace":1,"minecraft:white_bed":1,"minecraft:stone_axe":1,"minecraft:cooked_mutton":4,"minecraft:air":0},"minecraft:used":{"minecraft:stone_pickaxe":2,"minecraft:wooden_pickaxe":15,"minecraft:stone_axe":11,"minecraft:wooden_sword":2,"minecraft:dirt":1,"minecraft:cobblestone":1,"minecraft:crafting_table":3,"minecraft:oak_sapling":1,"minecraft:furnace":1,"minecraft:white_bed":1},"minecraft:mined":{"minecraft:white_bed":1,"minecraft:furnace":1,"minecraft:birch_leaves":1,"minecraft:crafting_table":3,"minecraft:grass_block":1,"minecraft:oak_log":12,"minecraft:stone":15,"minecraft:oak_leaves":3},"minecraft:killed":{"minecraft:sheep":3,"minecraft:cow":4},"minecraft:dropped":{"minecraft:wooden_sword":1,"minecraft:wooden_pickaxe":2},"minecraft:picked_up":{"minecraft:stick":1,"minecraft:crafting_table":3,"minecraft:leather":2,"minecraft:wooden_pickaxe":1,"minecraft:oak_log":12,"minecraft:white_bed":1,"minecraft:dirt":1,"minecraft:beef":7,"minecraft:oak_sapling":1,"minecraft:mutton":4,"minecraft:white_wool":3,"minecraft:cobblestone":15,"minecraft:furnace":1}},"DataVersion":3953}