{"stats":{"minecraft:mined":{"minecraft:acacia_leaves":7,"minecraft:melon_stem":2,"minecraft:crafting_table":2,"minecraft:granite":1,"minecraft:short_grass":2,"minecraft:acacia_log":36,"minecraft:grass_block":4,"minecraft:dead_bush":13,"minecraft:cobblestone":26,"minecraft:sugar_cane":68,"minecraft:diorite":3,"minecraft:hay_block":22,"minecraft:lime_bed":1,"minecraft:coarse_dirt":3,"minecraft:acacia_sapling":1,"minecraft:iron_ore":8,"minecraft:wheat":11,"minecraft:oak_log":4,"minecraft:coal_ore":10,"minecraft:dirt":3,"minecraft:acacia_planks":3,"minecraft:stone":23,"minecraft:oak_leaves":2},"minecraft:crafted":{"minecraft:crafting_table":1,"minecraft:wooden_pickaxe":1,"minecraft:furnace":1,"minecraft:stone_axe":1,"minecraft:bread":73,"minecraft:air":0,"minecraft:iron_chestplate":1,"minecraft:paper":66,"minecraft:shield":1,"minecraft:iron_ingot":8,"minecraft:iron_pickaxe":1,"minecraft:stone_pickaxe":1,"minecraft:stone_sword":1,"minecraft:chest":2,"minecraft:iron_leggings":1,"minecraft:acacia_planks":36,"minecraft:wheat":198},"minecraft:killed":{"minecraft:iron_golem":4},"minecraft:custom":{"minecraft:interact_with_furnace":4,"minecraft:mob_kills":4,"minecraft:animals_bred":1,"minecraft:interact_with_crafting_table":13,"minecraft:bell_ring":1,"minecraft:leave_game":4,"minecraft:time_since_death":94018,"minecraft:sleep_in_bed":5,"minecraft:time_since_rest":6096,"minecraft:sprint_one_cm":336447,"minecraft:damage_taken":358,"minecraft:walk_one_cm":86647,"minecraft:damage_blocked_by_shield":30,"minecraft:drop":12,"minecraft:damage_dealt":3915,"minecraft:talked_to_villager":6,"minecraft:swim_one_cm":38662,"minecraft:fly_one_cm":349838,"minecraft:open_chest":9,"minecraft:crouch_one_cm":708,"minecraft:play_time":94018,"minecraft:sneak_time":1703,"minecraft:walk_under_water_one_cm":1684,"minecraft:jump":1160,"minecraft:interact_with_blast_furnace":6,"minecraft:walk_on_water_one_cm":6372,"minecraft:total_world_time":94018,"minecraft:fall_one_cm":43685,"minecraft:horse_one_cm":1700},"minecraft:dropped":{"minecraft:bread":1,"minecraft:wheat_seeds":13,"minecraft:rotten_flesh":2,"minecraft:granite":1,"minecraft:poppy":3,"minecraft:wooden_pickaxe":1,"minecraft:stone_pickaxe":1,"minecraft:bone":1},"minecraft:used":{"minecraft:wheat_seeds":13,"minecraft:diorite":3,"minecraft:poppy":2,"minecraft:cactus":13,"minecraft:wooden_pickaxe":19,"minecraft:chest":2,"minecraft:shield":1,"minecraft:cut_sandstone":3,"minecraft:sugar_cane":56,"minecraft:dirt":15,"minecraft:sand":2,"minecraft:crafting_table":2,"minecraft:lime_bed":1,"minecraft:acacia_sapling":5,"minecraft:bread":16,"minecraft:iron_pickaxe":52,"minecraft:stone_axe":72,"minecraft:cobblestone":27,"minecraft:furnace":1,"minecraft:coarse_dirt":8,"minecraft:acacia_planks":3,"minecraft:iron_leggings":1},"minecraft:picked_up":{"minecraft:lime_bed":1,"minecraft:coarse_dirt":8,"minecraft:crafting_table":2,"minecraft:wheat":11,"minecraft:cut_sandstone":3,"minecraft:oak_log":4,"minecraft:dirt":15,"minecraft:bone":1,"minecraft:acacia_planks":3,"minecraft:wheat_seeds":26,"minecraft:iron_ingot":17,"minecraft:poppy":6,"minecraft:sugar_cane":123,"minecraft:acacia_sapling":5,"minecraft:stick":16,"minecraft:raw_iron":8,"minecraft:acacia_log":41,"minecraft:sand":2,"minecraft:diorite":3,"minecraft:rotten_flesh":2,"minecraft:hay_block":22,"minecraft:granite":1,"minecraft:bread":1,"minecraft:coal":10,"minecraft:cobblestone":52}},"DataVersion":3953}