{"stats":{"minecraft:custom":{"minecraft:time_since_rest":3049,"minecraft:sprint_one_cm":51123,"minecraft:damage_taken":124,"minecraft:walk_one_cm":26741,"minecraft:mob_kills":7,"minecraft:drop":1,"minecraft:damage_dealt":560,"minecraft:interact_with_crafting_table":6,"minecraft:fly_one_cm":51945,"minecraft:open_chest":5,"minecraft:crouch_one_cm":785,"minecraft:play_time":16811,"minecraft:sneak_time":1228,"minecraft:jump":214,"minecraft:interact_with_brewingstand":1,"minecraft:leave_game":1,"minecraft:time_since_death":16811,"minecraft:sleep_in_bed":1,"minecraft:climb_one_cm":3734,"minecraft:total_world_time":16811,"minecraft:fall_one_cm":7075},"minecraft:crafted":{"minecraft:crafting_table":1,"minecraft:spruce_planks":24,"minecraft:stick":12,"minecraft:wooden_pickaxe":1,"minecraft:stone_pickaxe":1,"minecraft:stone_sword":1,"minecraft:spruce_door":3,"minecraft:furnace":1,"minecraft:torch":4,"minecraft:stone_axe":1,"minecraft:bread":2},"minecraft:used":{"minecraft:apple":2,"minecraft:stone_sword":18,"minecraft:spruce_door":1,"minecraft:bread":2,"minecraft:stone_pickaxe":31,"minecraft:spruce_planks":1,"minecraft:wooden_pickaxe":9,"minecraft:stone_axe":1,"minecraft:torch":3,"minecraft:dirt":9,"minecraft:cobblestone":5,"minecraft:white_carpet":2,"minecraft:crafting_table":2,"minecraft:furnace":1,"minecraft:splash_potion":1},"minecraft:killed":{"minecraft:silverfish":7},"minecraft:mined":{"minecraft:spruce_planks":1,"minecraft:infested_stone_bricks":4,"minecraft:spruce_log":6,"minecraft:white_carpet":2,"minecraft:crafting_table":1,"minecraft:grass_block":3,"minecraft:iron_bars":1,"minecraft:dirt":6,"minecraft:cobblestone":2,"minecraft:cracked_stone_bricks":1,"minecraft:spruce_leaves":5,"minecraft:stone_bricks":4,"minecraft:stone":22,"minecraft:sugar_cane":1,"minecraft:mossy_stone_bricks":2,"minecraft:infested_stone":1,"minecraft:spawner":1},"minecraft:dropped":{"minecraft:wooden_pickaxe":1},"minecraft:picked_up":{"minecraft:crafting_table":1,"minecraft:torch":1,"minecraft:spruce_log":6,"minecraft:dirt":9,"minecraft:white_carpet":2,"minecraft:stone_bricks":4,"minecraft:cracked_stone_bricks":1,"minecraft:spruce_planks":1,"minecraft:mossy_stone_bricks":2,"minecraft:sugar_cane":5,"minecraft:iron_bars":1,"minecraft:cobblestone":24}},"DataVersion":3953}