{"stats":{"minecraft:custom":{"minecraft:interact_with_furnace":10,"minecraft:mob_kills":8,"minecraft:interact_with_crafting_table":17,"minecraft:pot_flower":1,"minecraft:leave_game":1,"minecraft:time_since_death":28811,"minecraft:sleep_in_bed":1,"minecraft:climb_one_cm":8274,"minecraft:time_since_rest":15049,"minecraft:sprint_one_cm":66268,"minecraft:damage_taken":124,"minecraft:walk_one_cm":51146,"minecraft:drop":12,"minecraft:damage_dealt":640,"minecraft:fly_one_cm":53452,"minecraft:open_chest":6,"minecraft:crouch_one_cm":3686,"minecraft:play_time":28811,"minecraft:sneak_time":3304,"minecraft:jump":231,"minecraft:interact_with_brewingstand":1,"minecraft:total_world_time":28811,"minecraft:fall_one_cm":7275},"minecraft:broken":{"minecraft:stone_pickaxe":1},"minecraft:crafted":{"minecraft:crafting_table":1,"minecraft:spruce_planks":24,"minecraft:wooden_pickaxe":1,"minecraft:spruce_door":3,"minecraft:furnace":1,"minecraft:stone":22,"minecraft:stone_axe":1,"minecraft:bread":2,"minecraft:air":0,"minecraft:stone_brick_slab":66,"minecraft:stick":12,"minecraft:stone_pickaxe":2,"minecraft:stone_sword":1,"minecraft:torch":4,"minecraft:stone_bricks":20},"minecraft:used":{"minecraft:stone_sword":24,"minecraft:spruce_door":1,"minecraft:spruce_slab":1,"minecraft:stone_pickaxe":140,"minecraft:spruce_planks":1,"minecraft:wooden_pickaxe":9,"minecraft:cauldron":1,"minecraft:torch":8,"minecraft:brewing_stand":1,"minecraft:dirt":9,"minecraft:white_carpet":2,"minecraft:crafting_table":2,"minecraft:spruce_stairs":2,"minecraft:granite":3,"minecraft:stone_brick_slab":58,"minecraft:flower_pot":1,"minecraft:apple":2,"minecraft:bread":2,"minecraft:stone_bricks":11,"minecraft:stone_axe":4,"minecraft:cobblestone":5,"minecraft:furnace":1,"minecraft:splash_potion":1},"minecraft:killed":{"minecraft:silverfish":8},"minecraft:mined":{"minecraft:red_carpet":2,"minecraft:spruce_planks":1,"minecraft:mossy_cobblestone":24,"minecraft:infested_stone_bricks":4,"minecraft:stone_brick_slab":1,"minecraft:potted_cactus":1,"minecraft:brewing_stand":1,"minecraft:crafting_table":1,"minecraft:granite":6,"minecraft:grass_block":3,"minecraft:cobblestone":32,"minecraft:spruce_leaves":5,"minecraft:sugar_cane":1,"minecraft:wall_torch":3,"minecraft:chiseled_stone_bricks":7,"minecraft:spawner":1,"minecraft:spruce_stairs":2,"minecraft:iron_ore":1,"minecraft:white_carpet":2,"minecraft:spruce_log":6,"minecraft:infested_mossy_stone_bricks":1,"minecraft:water_cauldron":1,"minecraft:iron_bars":1,"minecraft:dirt":6,"minecraft:cracked_stone_bricks":4,"minecraft:polished_andesite":1,"minecraft:stone":27,"minecraft:stone_bricks":24,"minecraft:mossy_stone_bricks":10,"minecraft:spruce_slab":1,"minecraft:infested_stone":1},"minecraft:dropped":{"minecraft:mossy_cobblestone":72,"minecraft:granite":12,"minecraft:cracked_stone_bricks":4,"minecraft:polished_andesite":1,"minecraft:chiseled_stone_bricks":7,"minecraft:mossy_stone_bricks":10,"minecraft:wooden_pickaxe":1},"minecraft:picked_up":{"minecraft:crafting_table":1,"minecraft:flower_pot":1,"minecraft:brewing_stand":1,"minecraft:dirt":9,"minecraft:white_carpet":2,"minecraft:red_carpet":2,"minecraft:oak_sign":1,"minecraft:stone_bricks":24,"minecraft:cracked_stone_bricks":4,"minecraft:spruce_planks":1,"minecraft:mossy_stone_bricks":10,"minecraft:spruce_slab":1,"minecraft:sugar_cane":5,"minecraft:raw_iron":1,"minecraft:chiseled_stone_bricks":7,"minecraft:stone_brick_slab":1,"minecraft:torch":5,"minecraft:spruce_stairs":2,"minecraft:spruce_log":6,"minecraft:mossy_cobblestone":72,"minecraft:cauldron":1,"minecraft:polished_andesite":1,"minecraft:cactus":1,"minecraft:granite":15,"minecraft:iron_bars":1,"minecraft:cobblestone":59}},"DataVersion":3953}