{"stats":{"minecraft:mined":{"minecraft:acacia_leaves":2,"minecraft:melon_stem":2,"minecraft:crafting_table":2,"minecraft:granite":1,"minecraft:short_grass":2,"minecraft:acacia_log":10,"minecraft:grass_block":4,"minecraft:dead_bush":13,"minecraft:cobblestone":20,"minecraft:sugar_cane":60,"minecraft:diorite":3,"minecraft:hay_block":22,"minecraft:lime_bed":1,"minecraft:coarse_dirt":3,"minecraft:acacia_sapling":1,"minecraft:iron_ore":8,"minecraft:wheat":11,"minecraft:oak_log":4,"minecraft:coal_ore":10,"minecraft:dirt":3,"minecraft:acacia_planks":3,"minecraft:stone":23,"minecraft:oak_leaves":2},"minecraft:crafted":{"minecraft:crafting_table":1,"minecraft:wooden_pickaxe":1,"minecraft:furnace":1,"minecraft:stone_axe":1,"minecraft:bread":73,"minecraft:shield":1,"minecraft:iron_pickaxe":1,"minecraft:stone_pickaxe":1,"minecraft:stone_sword":1,"minecraft:chest":2,"minecraft:acacia_planks":36,"minecraft:wheat":198},"minecraft:killed":{"minecraft:iron_golem":2},"minecraft:custom":{"minecraft:mob_kills":2,"minecraft:animals_bred":1,"minecraft:interact_with_crafting_table":10,"minecraft:bell_ring":1,"minecraft:leave_game":3,"minecraft:time_since_death":57949,"minecraft:sleep_in_bed":3,"minecraft:time_since_rest":755,"minecraft:sprint_one_cm":288519,"minecraft:damage_taken":328,"minecraft:walk_one_cm":68278,"minecraft:damage_blocked_by_shield":30,"minecraft:drop":9,"minecraft:damage_dealt":1912,"minecraft:swim_one_cm":35271,"minecraft:talked_to_villager":2,"minecraft:fly_one_cm":292740,"minecraft:open_chest":5,"minecraft:crouch_one_cm":488,"minecraft:play_time":57949,"minecraft:sneak_time":1134,"minecraft:walk_under_water_one_cm":1622,"minecraft:jump":962,"minecraft:interact_with_blast_furnace":4,"minecraft:walk_on_water_one_cm":5931,"minecraft:total_world_time":57949,"minecraft:fall_one_cm":36860,"minecraft:horse_one_cm":1700},"minecraft:dropped":{"minecraft:bread":1,"minecraft:wheat_seeds":13,"minecraft:rotten_flesh":2,"minecraft:granite":1,"minecraft:wooden_pickaxe":1,"minecraft:stone_pickaxe":1,"minecraft:bone":1},"minecraft:used":{"minecraft:wheat_seeds":13,"minecraft:diorite":3,"minecraft:poppy":2,"minecraft:cactus":13,"minecraft:shield":1,"minecraft:chest":2,"minecraft:wooden_pickaxe":19,"minecraft:cut_sandstone":3,"minecraft:sugar_cane":56,"minecraft:dirt":15,"minecraft:sand":2,"minecraft:lime_bed":1,"minecraft:crafting_table":2,"minecraft:acacia_sapling":4,"minecraft:bread":16,"minecraft:iron_pickaxe":46,"minecraft:stone_axe":23,"minecraft:cobblestone":21,"minecraft:furnace":1,"minecraft:coarse_dirt":8,"minecraft:acacia_planks":3},"minecraft:picked_up":{"minecraft:lime_bed":1,"minecraft:coarse_dirt":8,"minecraft:crafting_table":2,"minecraft:wheat":11,"minecraft:cut_sandstone":3,"minecraft:oak_log":4,"minecraft:dirt":15,"minecraft:bone":1,"minecraft:acacia_planks":3,"minecraft:wheat_seeds":26,"minecraft:iron_ingot":9,"minecraft:poppy":2,"minecraft:sugar_cane":113,"minecraft:acacia_sapling":4,"minecraft:stick":16,"minecraft:raw_iron":8,"minecraft:acacia_log":9,"minecraft:sand":2,"minecraft:diorite":3,"minecraft:rotten_flesh":2,"minecraft:hay_block":22,"minecraft:granite":1,"minecraft:bread":1,"minecraft:coal":10,"minecraft:cobblestone":46}},"DataVersion":3953}