{"stats":{"minecraft:mined":{"minecraft:brown_mushroom":1,"minecraft:white_bed":5,"minecraft:oak_sapling":2,"minecraft:dark_oak_leaves":10,"minecraft:smoker":2,"minecraft:stripped_birch_log":1,"minecraft:spruce_door":3,"minecraft:crafting_table":6,"minecraft:torch":1,"minecraft:short_grass":23,"minecraft:melon":8,"minecraft:chest":1,"minecraft:dead_bush":1,"minecraft:cobblestone":12,"minecraft:moss_block":1,"minecraft:wall_torch":4,"minecraft:large_fern":1,"minecraft:furnace":3,"minecraft:birch_log":19,"minecraft:iron_ore":10,"minecraft:spruce_log":7,"minecraft:coal_ore":7,"minecraft:oak_log":34,"minecraft:deepslate_iron_ore":2,"minecraft:sand":22,"minecraft:stone":20,"minecraft:white_wool":1,"minecraft:oak_leaves":1,"minecraft:fern":10},"minecraft:crafted":{"minecraft:cooked_beef":22,"minecraft:stone_shovel":1,"minecraft:cooked_porkchop":8,"minecraft:crafting_table":1,"minecraft:spruce_planks":28,"minecraft:wooden_pickaxe":1,"minecraft:spruce_door":3,"minecraft:furnace":2,"minecraft:birch_planks":52,"minecraft:stone_axe":1,"minecraft:cooked_mutton":3,"minecraft:air":0,"minecraft:charcoal":23,"minecraft:stick":64,"minecraft:iron_ingot":9,"minecraft:stone_pickaxe":1,"minecraft:stone_sword":1,"minecraft:iron_leggings":1,"minecraft:white_bed":1,"minecraft:dark_oak_planks":20,"minecraft:torch":16,"minecraft:smoker":1},"minecraft:killed":{"minecraft:parrot":1,"minecraft:pig":5,"minecraft:spider":1,"minecraft:skeleton":2,"minecraft:sheep":2,"minecraft:zombie":2,"minecraft:cow":12},"minecraft:custom":{"minecraft:interact_with_furnace":40,"minecraft:mob_kills":25,"minecraft:interact_with_crafting_table":18,"minecraft:leave_game":2,"minecraft:time_since_death":81993,"minecraft:sleep_in_bed":5,"minecraft:climb_one_cm":100,"minecraft:time_since_rest":9527,"minecraft:sprint_one_cm":206573,"minecraft:damage_taken":321,"minecraft:walk_one_cm":55665,"minecraft:drop":12,"minecraft:damage_dealt":2874,"minecraft:swim_one_cm":79012,"minecraft:fly_one_cm":181932,"minecraft:open_chest":6,"minecraft:crouch_one_cm":1178,"minecraft:play_time":81993,"minecraft:sneak_time":2302,"minecraft:walk_under_water_one_cm":27556,"minecraft:jump":730,"minecraft:walk_on_water_one_cm":13547,"minecraft:total_world_time":81993,"minecraft:interact_with_smoker":20,"minecraft:fall_one_cm":21879},"minecraft:dropped":{"minecraft:wheat_seeds":3,"minecraft:birch_sapling":3,"minecraft:light_gray_wool":1,"minecraft:filled_map":1,"minecraft:sand":16,"minecraft:wooden_pickaxe":1,"minecraft:string":2},"minecraft:used":{"minecraft:moss_block":1,"minecraft:cooked_mutton":3,"minecraft:stone_sword":20,"minecraft:spruce_door":3,"minecraft:stone_shovel":3,"minecraft:stone_pickaxe":55,"minecraft:wooden_pickaxe":12,"minecraft:brown_mushroom":1,"minecraft:white_wool":1,"minecraft:torch":6,"minecraft:sand":22,"minecraft:crafting_table":6,"minecraft:white_bed":5,"minecraft:smoker":2,"minecraft:oak_log":7,"minecraft:birch_sapling":2,"minecraft:stone_axe":102,"minecraft:bow":1,"minecraft:cobblestone":6,"minecraft:furnace":3,"minecraft:oak_sapling":10,"minecraft:cooked_cod":5,"minecraft:birch_log":7,"minecraft:cooked_beef":3,"minecraft:iron_leggings":1},"minecraft:picked_up":{"minecraft:birch_log":19,"minecraft:charcoal":19,"minecraft:crafting_table":6,"minecraft:feather":1,"minecraft:leather":13,"minecraft:brown_mushroom":1,"minecraft:smoker":2,"minecraft:oak_log":34,"minecraft:string":2,"minecraft:stripped_birch_log":1,"minecraft:bow":1,"minecraft:wheat_seeds":5,"minecraft:beef":25,"minecraft:light_gray_wool":1,"minecraft:melon_slice":48,"minecraft:moss_block":1,"minecraft:birch_sapling":5,"minecraft:chest":1,"minecraft:furnace":3,"minecraft:dark_oak_sapling":1,"minecraft:stick":13,"minecraft:raw_iron":12,"minecraft:torch":6,"minecraft:porkchop":14,"minecraft:sand":38,"minecraft:white_bed":5,"minecraft:spruce_log":7,"minecraft:dark_oak_log":5,"minecraft:spruce_door":3,"minecraft:arrow":1,"minecraft:oak_sapling":10,"minecraft:cobblestone":32,"minecraft:mutton":7,"minecraft:coal":7,"minecraft:white_wool":4}},"DataVersion":3953}