{"stats":{"minecraft:custom":{"minecraft:time_since_rest":4836,"minecraft:interact_with_furnace":12,"minecraft:sprint_one_cm":173159,"minecraft:damage_taken":137,"minecraft:walk_one_cm":32756,"minecraft:mob_kills":16,"minecraft:drop":4,"minecraft:damage_dealt":1400,"minecraft:swim_one_cm":20330,"minecraft:interact_with_crafting_table":12,"minecraft:fly_one_cm":123564,"minecraft:open_chest":3,"minecraft:crouch_one_cm":115,"minecraft:play_time":51894,"minecraft:sneak_time":243,"minecraft:walk_under_water_one_cm":556,"minecraft:jump":509,"minecraft:leave_game":2,"minecraft:walk_on_water_one_cm":5169,"minecraft:time_since_death":51894,"minecraft:sleep_in_bed":4,"minecraft:interact_with_smoker":14,"minecraft:total_world_time":51894,"minecraft:fall_one_cm":20566},"minecraft:crafted":{"minecraft:cooked_beef":10,"minecraft:wooden_sword":1,"minecraft:oak_slab":24,"minecraft:oak_planks":48,"minecraft:charcoal":20,"minecraft:cooked_porkchop":1,"minecraft:crafting_table":1,"minecraft:stick":8,"minecraft:iron_ingot":2,"minecraft:wooden_pickaxe":1,"minecraft:stone_pickaxe":1,"minecraft:furnace":2,"minecraft:white_bed":1,"minecraft:stone_axe":1,"minecraft:air":0,"minecraft:cooked_mutton":13,"minecraft:smoker":1},"minecraft:mined":{"minecraft:white_bed":3,"minecraft:furnace":1,"minecraft:birch_log":49,"minecraft:birch_leaves":10,"minecraft:crafting_table":3,"minecraft:grass_block":2,"minecraft:oak_log":18,"minecraft:dirt":4,"minecraft:birch_sapling":2,"minecraft:sugar_cane":3,"minecraft:stone":30,"minecraft:oak_leaves":6},"minecraft:used":{"minecraft:cooked_mutton":4,"minecraft:birch_sapling":10,"minecraft:stone_pickaxe":18,"minecraft:wooden_pickaxe":15,"minecraft:sugar_cane":1,"minecraft:stone_axe":79,"minecraft:wooden_sword":2,"minecraft:dirt":6,"minecraft:cobblestone":2,"minecraft:crafting_table":4,"minecraft:furnace":2,"minecraft:oak_sapling":1,"minecraft:cooked_porkchop":1,"minecraft:birch_log":5,"minecraft:white_bed":4,"minecraft:cooked_beef":1,"minecraft:smoker":1},"minecraft:killed":{"minecraft:sheep":10,"minecraft:pig":1,"minecraft:cow":5},"minecraft:dropped":{"minecraft:iron_nugget":8,"minecraft:wooden_sword":1,"minecraft:wooden_pickaxe":2},"minecraft:picked_up":{"minecraft:birch_log":54,"minecraft:stick":5,"minecraft:crafting_table":3,"minecraft:leather":4,"minecraft:wooden_pickaxe":1,"minecraft:porkchop":1,"minecraft:oak_log":18,"minecraft:white_bed":3,"minecraft:dirt":6,"minecraft:beef":10,"minecraft:birch_sapling":12,"minecraft:sugar_cane":7,"minecraft:oak_sapling":1,"minecraft:mutton":13,"minecraft:white_wool":10,"minecraft:cobblestone":30,"minecraft:furnace":1}},"DataVersion":3953}