{"stats":{"minecraft:mined":{"minecraft:acacia_leaves":2,"minecraft:melon_stem":2,"minecraft:crafting_table":2,"minecraft:granite":1,"minecraft:short_grass":1,"minecraft:acacia_log":10,"minecraft:dead_bush":13,"minecraft:cobblestone":17,"minecraft:sugar_cane":25,"minecraft:diorite":3,"minecraft:hay_block":22,"minecraft:lime_bed":1,"minecraft:acacia_sapling":1,"minecraft:iron_ore":8,"minecraft:wheat":11,"minecraft:coal_ore":10,"minecraft:dirt":1,"minecraft:acacia_planks":3,"minecraft:stone":23},"minecraft:crafted":{"minecraft:crafting_table":1,"minecraft:wooden_pickaxe":1,"minecraft:furnace":1,"minecraft:stone_axe":1,"minecraft:bread":73,"minecraft:shield":1,"minecraft:iron_pickaxe":1,"minecraft:stone_pickaxe":1,"minecraft:stone_sword":1,"minecraft:chest":2,"minecraft:acacia_planks":36,"minecraft:wheat":198},"minecraft:killed":{"minecraft:iron_golem":1},"minecraft:custom":{"minecraft:mob_kills":1,"minecraft:animals_bred":1,"minecraft:interact_with_crafting_table":9,"minecraft:bell_ring":1,"minecraft:leave_game":2,"minecraft:time_since_death":49217,"minecraft:sleep_in_bed":2,"minecraft:time_since_rest":23412,"minecraft:sprint_one_cm":230724,"minecraft:damage_taken":269,"minecraft:walk_one_cm":59701,"minecraft:damage_blocked_by_shield":30,"minecraft:drop":9,"minecraft:damage_dealt":941,"minecraft:swim_one_cm":27573,"minecraft:talked_to_villager":2,"minecraft:fly_one_cm":230431,"minecraft:open_chest":5,"minecraft:crouch_one_cm":376,"minecraft:play_time":49217,"minecraft:sneak_time":730,"minecraft:walk_under_water_one_cm":1179,"minecraft:jump":751,"minecraft:interact_with_blast_furnace":3,"minecraft:walk_on_water_one_cm":4090,"minecraft:total_world_time":49217,"minecraft:fall_one_cm":29010},"minecraft:dropped":{"minecraft:bread":1,"minecraft:wheat_seeds":13,"minecraft:rotten_flesh":2,"minecraft:granite":1,"minecraft:wooden_pickaxe":1,"minecraft:stone_pickaxe":1,"minecraft:bone":1},"minecraft:used":{"minecraft:wheat_seeds":13,"minecraft:diorite":3,"minecraft:poppy":1,"minecraft:cactus":13,"minecraft:shield":1,"minecraft:chest":2,"minecraft:wooden_pickaxe":19,"minecraft:cut_sandstone":3,"minecraft:sugar_cane":50,"minecraft:dirt":9,"minecraft:sand":2,"minecraft:lime_bed":1,"minecraft:crafting_table":2,"minecraft:acacia_sapling":4,"minecraft:bread":11,"minecraft:iron_pickaxe":43,"minecraft:stone_axe":11,"minecraft:cobblestone":18,"minecraft:furnace":1,"minecraft:coarse_dirt":5,"minecraft:acacia_planks":3},"minecraft:picked_up":{"minecraft:lime_bed":1,"minecraft:coarse_dirt":5,"minecraft:crafting_table":2,"minecraft:wheat":11,"minecraft:cut_sandstone":3,"minecraft:dirt":9,"minecraft:bone":1,"minecraft:acacia_planks":3,"minecraft:wheat_seeds":26,"minecraft:iron_ingot":5,"minecraft:poppy":1,"minecraft:sugar_cane":67,"minecraft:acacia_sapling":4,"minecraft:stick":15,"minecraft:raw_iron":8,"minecraft:acacia_log":9,"minecraft:sand":2,"minecraft:diorite":3,"minecraft:rotten_flesh":2,"minecraft:hay_block":22,"minecraft:granite":1,"minecraft:bread":1,"minecraft:coal":10,"minecraft:cobblestone":43}},"DataVersion":3953}