{"stats":{"minecraft:mined":{"minecraft:white_bed":5,"minecraft:dark_oak_leaves":6,"minecraft:smoker":1,"minecraft:crafting_table":5,"minecraft:grass_block":2,"minecraft:cobblestone":7,"minecraft:sugar_cane":3,"minecraft:oak_planks":12,"minecraft:birch_sapling":2,"minecraft:magma_block":9,"minecraft:furnace":2,"minecraft:birch_log":50,"minecraft:iron_ore":6,"minecraft:birch_leaves":10,"minecraft:coal_ore":4,"minecraft:oak_log":18,"minecraft:dirt":4,"minecraft:stone":34,"minecraft:netherrack":11,"minecraft:oak_leaves":8},"minecraft:crafted":{"minecraft:cooked_beef":10,"minecraft:wooden_sword":1,"minecraft:oak_slab":24,"minecraft:oak_planks":48,"minecraft:cooked_porkchop":1,"minecraft:crafting_table":1,"minecraft:wooden_pickaxe":1,"minecraft:furnace":2,"minecraft:stone_axe":1,"minecraft:cooked_mutton":13,"minecraft:air":0,"minecraft:charcoal":52,"minecraft:stick":8,"minecraft:iron_ingot":2,"minecraft:stone_pickaxe":1,"minecraft:white_bed":2,"minecraft:smoker":1},"minecraft:killed":{"minecraft:pig":1,"minecraft:spider":1,"minecraft:sheep":11,"minecraft:cow":10},"minecraft:custom":{"minecraft:interact_with_furnace":20,"minecraft:mob_kills":24,"minecraft:interact_with_crafting_table":13,"minecraft:leave_game":4,"minecraft:time_since_death":77838,"minecraft:sleep_in_bed":5,"minecraft:time_since_rest":17487,"minecraft:sprint_one_cm":336116,"minecraft:damage_taken":304,"minecraft:walk_one_cm":61196,"minecraft:drop":10,"minecraft:damage_dealt":2325,"minecraft:swim_one_cm":28657,"minecraft:fly_one_cm":238830,"minecraft:open_chest":5,"minecraft:crouch_one_cm":1217,"minecraft:play_time":77838,"minecraft:sneak_time":1225,"minecraft:walk_under_water_one_cm":4814,"minecraft:jump":988,"minecraft:walk_on_water_one_cm":5862,"minecraft:interact_with_smoker":17,"minecraft:total_world_time":77838,"minecraft:fall_one_cm":39304},"minecraft:dropped":{"minecraft:iron_nugget":8,"minecraft:birch_sapling":2,"minecraft:spider_eye":1,"minecraft:wooden_sword":1,"minecraft:arrow":1,"minecraft:wooden_pickaxe":2,"minecraft:string":1,"minecraft:bone":1},"minecraft:used":{"minecraft:cooked_mutton":9,"minecraft:stone_pickaxe":61,"minecraft:oak_planks":12,"minecraft:wooden_pickaxe":15,"minecraft:sugar_cane":7,"minecraft:netherrack":11,"minecraft:dirt":6,"minecraft:crafting_table":5,"minecraft:white_bed":6,"minecraft:smoker":1,"minecraft:birch_sapling":15,"minecraft:stone_axe":102,"minecraft:golden_sword":5,"minecraft:wooden_sword":2,"minecraft:magma_block":9,"minecraft:cobblestone":11,"minecraft:furnace":2,"minecraft:oak_sapling":1,"minecraft:cooked_porkchop":1,"minecraft:birch_log":5,"minecraft:cooked_beef":1},"minecraft:picked_up":{"minecraft:birch_log":55,"minecraft:magma_block":9,"minecraft:crafting_table":5,"minecraft:leather":9,"minecraft:smoker":1,"minecraft:wooden_pickaxe":1,"minecraft:oak_log":18,"minecraft:string":1,"minecraft:dirt":6,"minecraft:bone":1,"minecraft:beef":20,"minecraft:sugar_cane":7,"minecraft:birch_sapling":17,"minecraft:oak_planks":12,"minecraft:furnace":2,"minecraft:stick":7,"minecraft:raw_iron":6,"minecraft:porkchop":1,"minecraft:white_bed":5,"minecraft:spider_eye":1,"minecraft:arrow":1,"minecraft:oak_sapling":1,"minecraft:coal":4,"minecraft:netherrack":11,"minecraft:mutton":15,"minecraft:cobblestone":41,"minecraft:white_wool":11}},"DataVersion":3953}