{"stats":{"minecraft:mined":{"minecraft:white_bed":1,"minecraft:oak_sapling":2,"minecraft:furnace":2,"minecraft:smoker":1,"minecraft:iron_ore":6,"minecraft:spruce_log":7,"minecraft:crafting_table":3,"minecraft:short_grass":2,"minecraft:oak_log":34,"minecraft:coal_ore":7,"minecraft:dead_bush":1,"minecraft:sand":2,"minecraft:cobblestone":12,"minecraft:oak_leaves":1,"minecraft:stone":19,"minecraft:fern":1},"minecraft:crafted":{"minecraft:cooked_beef":3,"minecraft:charcoal":23,"minecraft:cooked_porkchop":6,"minecraft:crafting_table":1,"minecraft:spruce_planks":28,"minecraft:stick":8,"minecraft:iron_ingot":6,"minecraft:wooden_pickaxe":1,"minecraft:stone_pickaxe":1,"minecraft:stone_sword":1,"minecraft:furnace":2,"minecraft:white_bed":1,"minecraft:torch":16,"minecraft:stone_axe":1,"minecraft:smoker":1,"minecraft:cooked_mutton":3,"minecraft:air":0},"minecraft:killed":{"minecraft:zombie":1,"minecraft:pig":4,"minecraft:cow":6},"minecraft:custom":{"minecraft:time_since_rest":12563,"minecraft:interact_with_furnace":28,"minecraft:sprint_one_cm":89714,"minecraft:damage_taken":30,"minecraft:walk_one_cm":21695,"minecraft:mob_kills":11,"minecraft:drop":2,"minecraft:damage_dealt":1140,"minecraft:swim_one_cm":24040,"minecraft:interact_with_crafting_table":12,"minecraft:fly_one_cm":79409,"minecraft:open_chest":5,"minecraft:crouch_one_cm":213,"minecraft:play_time":33993,"minecraft:sneak_time":428,"minecraft:walk_under_water_one_cm":2521,"minecraft:jump":310,"minecraft:walk_on_water_one_cm":3324,"minecraft:sleep_in_bed":1,"minecraft:leave_game":2,"minecraft:time_since_death":33993,"minecraft:interact_with_smoker":7,"minecraft:total_world_time":33993,"minecraft:fall_one_cm":9875},"minecraft:dropped":{"minecraft:light_gray_wool":1,"minecraft:wooden_pickaxe":1},"minecraft:used":{"minecraft:oak_log":7,"minecraft:stone_pickaxe":44,"minecraft:wooden_pickaxe":12,"minecraft:torch":1,"minecraft:stone_axe":52,"minecraft:sand":2,"minecraft:cobblestone":1,"minecraft:crafting_table":3,"minecraft:oak_sapling":10,"minecraft:furnace":2,"minecraft:white_bed":1,"minecraft:cooked_beef":2,"minecraft:smoker":1},"minecraft:picked_up":{"minecraft:charcoal":19,"minecraft:stick":5,"minecraft:crafting_table":3,"minecraft:raw_iron":6,"minecraft:leather":7,"minecraft:torch":1,"minecraft:smoker":1,"minecraft:sand":2,"minecraft:porkchop":12,"minecraft:oak_log":34,"minecraft:white_bed":1,"minecraft:spruce_log":7,"minecraft:wheat_seeds":1,"minecraft:beef":11,"minecraft:light_gray_wool":1,"minecraft:oak_sapling":10,"minecraft:mutton":3,"minecraft:coal":7,"minecraft:white_wool":1,"minecraft:cobblestone":31,"minecraft:furnace":2}},"DataVersion":3953}