{"stats":{"minecraft:mined":{"minecraft:brown_mushroom":1,"minecraft:white_bed":4,"minecraft:oak_sapling":2,"minecraft:smoker":2,"minecraft:stripped_birch_log":1,"minecraft:spruce_door":3,"minecraft:crafting_table":6,"minecraft:torch":1,"minecraft:short_grass":3,"minecraft:chest":1,"minecraft:dead_bush":1,"minecraft:cobblestone":12,"minecraft:moss_block":1,"minecraft:wall_torch":1,"minecraft:furnace":3,"minecraft:birch_log":19,"minecraft:iron_ore":10,"minecraft:spruce_log":7,"minecraft:coal_ore":7,"minecraft:oak_log":34,"minecraft:sand":22,"minecraft:stone":20,"minecraft:white_wool":1,"minecraft:oak_leaves":1,"minecraft:fern":1},"minecraft:crafted":{"minecraft:cooked_beef":22,"minecraft:stone_shovel":1,"minecraft:cooked_porkchop":8,"minecraft:crafting_table":1,"minecraft:spruce_planks":28,"minecraft:wooden_pickaxe":1,"minecraft:spruce_door":3,"minecraft:furnace":2,"minecraft:birch_planks":52,"minecraft:stone_axe":1,"minecraft:cooked_mutton":3,"minecraft:air":0,"minecraft:charcoal":23,"minecraft:stick":24,"minecraft:iron_ingot":9,"minecraft:stone_pickaxe":1,"minecraft:stone_sword":1,"minecraft:iron_leggings":1,"minecraft:white_bed":1,"minecraft:torch":16,"minecraft:smoker":1},"minecraft:killed":{"minecraft:pig":5,"minecraft:sheep":2,"minecraft:zombie":1,"minecraft:cow":12},"minecraft:custom":{"minecraft:interact_with_furnace":40,"minecraft:mob_kills":20,"minecraft:interact_with_crafting_table":18,"minecraft:leave_game":2,"minecraft:time_since_death":69993,"minecraft:sleep_in_bed":4,"minecraft:time_since_rest":10227,"minecraft:sprint_one_cm":151613,"minecraft:damage_taken":259,"minecraft:walk_one_cm":39911,"minecraft:drop":8,"minecraft:damage_dealt":2000,"minecraft:swim_one_cm":52475,"minecraft:fly_one_cm":151927,"minecraft:open_chest":6,"minecraft:crouch_one_cm":865,"minecraft:play_time":69993,"minecraft:sneak_time":2139,"minecraft:walk_under_water_one_cm":21583,"minecraft:jump":601,"minecraft:walk_on_water_one_cm":9086,"minecraft:total_world_time":69993,"minecraft:interact_with_smoker":20,"minecraft:fall_one_cm":19613},"minecraft:dropped":{"minecraft:wheat_seeds":1,"minecraft:birch_sapling":3,"minecraft:light_gray_wool":1,"minecraft:filled_map":1,"minecraft:sand":16,"minecraft:wooden_pickaxe":1},"minecraft:used":{"minecraft:moss_block":1,"minecraft:cooked_mutton":3,"minecraft:spruce_door":3,"minecraft:stone_shovel":3,"minecraft:stone_pickaxe":53,"minecraft:wooden_pickaxe":12,"minecraft:brown_mushroom":1,"minecraft:white_wool":1,"minecraft:torch":3,"minecraft:sand":22,"minecraft:crafting_table":6,"minecraft:white_bed":4,"minecraft:smoker":2,"minecraft:oak_log":7,"minecraft:birch_sapling":2,"minecraft:stone_axe":91,"minecraft:cobblestone":5,"minecraft:furnace":3,"minecraft:oak_sapling":10,"minecraft:birch_log":7,"minecraft:cooked_beef":3,"minecraft:iron_leggings":1},"minecraft:picked_up":{"minecraft:birch_log":19,"minecraft:charcoal":19,"minecraft:crafting_table":6,"minecraft:leather":13,"minecraft:brown_mushroom":1,"minecraft:smoker":2,"minecraft:oak_log":34,"minecraft:stripped_birch_log":1,"minecraft:wheat_seeds":1,"minecraft:beef":25,"minecraft:light_gray_wool":1,"minecraft:moss_block":1,"minecraft:birch_sapling":5,"minecraft:chest":1,"minecraft:furnace":3,"minecraft:stick":11,"minecraft:raw_iron":10,"minecraft:torch":3,"minecraft:porkchop":14,"minecraft:sand":38,"minecraft:white_bed":4,"minecraft:spruce_log":7,"minecraft:spruce_door":3,"minecraft:oak_sapling":10,"minecraft:cobblestone":32,"minecraft:mutton":7,"minecraft:coal":7,"minecraft:white_wool":4}},"DataVersion":3953}