{"stats":{"minecraft:killed_by":{"minecraft:vindicator":1},"minecraft:mined":{"minecraft:diamond_ore":1,"minecraft:white_bed":7,"minecraft:oak_sapling":2,"minecraft:dark_oak_leaves":10,"minecraft:stripped_birch_log":1,"minecraft:dark_oak_log":7,"minecraft:spruce_trapdoor":12,"minecraft:moss_block":1,"minecraft:tuff_bricks":2,"minecraft:large_fern":3,"minecraft:furnace":3,"minecraft:iron_ore":12,"minecraft:andesite":1,"minecraft:bookshelf":3,"minecraft:deepslate_iron_ore":2,"minecraft:vine":1,"minecraft:stone":23,"minecraft:white_wool":1,"minecraft:scaffolding":3,"minecraft:brown_mushroom":1,"minecraft:soul_sand":3,"minecraft:smoker":2,"minecraft:spruce_door":4,"minecraft:crafting_table":9,"minecraft:torch":2,"minecraft:short_grass":24,"minecraft:melon":8,"minecraft:chest":1,"minecraft:dead_bush":1,"minecraft:mushroom_stem":1,"minecraft:cobblestone":12,"minecraft:lapis_ore":1,"minecraft:sugar_cane":4,"minecraft:oak_planks":2,"minecraft:wall_torch":4,"minecraft:birch_planks":2,"minecraft:birch_log":19,"minecraft:spruce_log":7,"minecraft:orange_tulip":1,"minecraft:stone_brick_stairs":1,"minecraft:oak_log":34,"minecraft:coal_ore":8,"minecraft:sand":22,"minecraft:dirt":9,"minecraft:smooth_basalt":2,"minecraft:oak_leaves":1,"minecraft:fern":10,"minecraft:suspicious_gravel":1},"minecraft:crafted":{"minecraft:stone_shovel":1,"minecraft:furnace":2,"minecraft:cooked_mutton":3,"minecraft:stone_pickaxe":1,"minecraft:dark_oak_planks":20,"minecraft:smoker":1,"minecraft:cooked_beef":22,"minecraft:cooked_porkchop":8,"minecraft:crafting_table":1,"minecraft:spruce_planks":28,"minecraft:wooden_pickaxe":1,"minecraft:spruce_door":3,"minecraft:birch_planks":52,"minecraft:stone_axe":2,"minecraft:air":0,"minecraft:charcoal":23,"minecraft:shield":1,"minecraft:stick":64,"minecraft:iron_ingot":9,"minecraft:iron_pickaxe":1,"minecraft:stone_sword":1,"minecraft:iron_leggings":1,"minecraft:white_bed":1,"minecraft:torch":16},"minecraft:killed":{"minecraft:witch":1,"minecraft:vindicator":2,"minecraft:spider":1,"minecraft:skeleton":2,"minecraft:parrot":1,"minecraft:pig":8,"minecraft:sheep":2,"minecraft:pillager":3,"minecraft:zombie":3,"minecraft:cow":12},"minecraft:custom":{"minecraft:mob_kills":35,"minecraft:interact_with_crafting_table":23,"minecraft:leave_game":2,"minecraft:time_since_death":14500,"minecraft:climb_one_cm":5999,"minecraft:sprint_one_cm":320786,"minecraft:walk_one_cm":90694,"minecraft:damage_blocked_by_shield":105,"minecraft:drop":21,"minecraft:play_time":129993,"minecraft:sneak_time":4345,"minecraft:deaths":1,"minecraft:walk_under_water_one_cm":43638,"minecraft:jump":1145,"minecraft:walk_on_water_one_cm":22574,"minecraft:total_world_time":129993,"minecraft:interact_with_furnace":40,"minecraft:sleep_in_bed":9,"minecraft:time_since_rest":5853,"minecraft:damage_taken":613,"minecraft:damage_dealt":4720,"minecraft:fly_one_cm":441128,"minecraft:swim_one_cm":145693,"minecraft:open_chest":9,"minecraft:crouch_one_cm":2020,"minecraft:interact_with_smoker":20,"minecraft:fall_one_cm":36847},"minecraft:dropped":{"minecraft:birch_planks":46,"minecraft:wheat_seeds":3,"minecraft:diamond":1,"minecraft:emerald":2,"minecraft:sand":16,"minecraft:string":2,"minecraft:stone_sword":2,"minecraft:birch_sapling":3,"minecraft:rotten_flesh":1,"minecraft:light_gray_wool":1,"minecraft:filled_map":1,"minecraft:wooden_pickaxe":1,"minecraft:stone_pickaxe":1},"minecraft:used":{"minecraft:moss_block":1,"minecraft:tuff_bricks":2,"minecraft:stone_sword":33,"minecraft:stone_shovel":6,"minecraft:chest":1,"minecraft:shield":2,"minecraft:torch":7,"minecraft:soul_sand":2,"minecraft:dirt":9,"minecraft:birch_sapling":2,"minecraft:stone_brick_stairs":1,"minecraft:smooth_basalt":2,"minecraft:bow":1,"minecraft:scaffolding":3,"minecraft:oak_sapling":10,"minecraft:furnace":3,"minecraft:cooked_cod":6,"minecraft:cooked_beef":5,"minecraft:iron_leggings":1,"minecraft:cooked_mutton":3,"minecraft:spruce_door":4,"minecraft:birch_planks":7,"minecraft:stone_pickaxe":65,"minecraft:oak_planks":2,"minecraft:wooden_pickaxe":12,"minecraft:brown_mushroom":1,"minecraft:white_wool":1,"minecraft:sand":22,"minecraft:crafting_table":9,"minecraft:white_bed":8,"minecraft:smoker":3,"minecraft:oak_log":7,"minecraft:cornflower":1,"minecraft:dark_oak_log":7,"minecraft:iron_pickaxe":8,"minecraft:spruce_trapdoor":10,"minecraft:stone_axe":150,"minecraft:cobblestone":7,"minecraft:birch_log":7,"minecraft:andesite":1},"minecraft:broken":{"minecraft:stone_axe":1},"minecraft:picked_up":{"minecraft:charcoal":32,"minecraft:crafting_table":10,"minecraft:brown_mushroom":1,"minecraft:potion":2,"minecraft:stone_brick_stairs":1,"minecraft:shield":1,"minecraft:cornflower":1,"minecraft:string":2,"minecraft:iron_leggings":1,"minecraft:beef":28,"minecraft:iron_pickaxe":1,"minecraft:light_gray_wool":1,"minecraft:melon_slice":96,"minecraft:sugar_cane":12,"minecraft:chest":2,"minecraft:birch_sapling":5,"minecraft:spruce_trapdoor":12,"minecraft:furnace":4,"minecraft:dark_oak_sapling":2,"minecraft:raw_iron":19,"minecraft:stick":75,"minecraft:torch":23,"minecraft:porkchop":26,"minecraft:redstone":6,"minecraft:rotten_flesh":1,"minecraft:stone_sword":3,"minecraft:arrow":1,"minecraft:stone_shovel":1,"minecraft:gold_ingot":6,"minecraft:tuff_bricks":2,"minecraft:mutton":11,"minecraft:white_wool":6,"minecraft:cobblestone":35,"minecraft:birch_log":19,"minecraft:leather_chestplate":1,"minecraft:cooked_beef":17,"minecraft:feather":2,"minecraft:andesite":1,"minecraft:leather":26,"minecraft:smoker":3,"minecraft:birch_planks":94,"minecraft:oak_log":34,"minecraft:gunpowder":1,"minecraft:paper":17,"minecraft:lapis_lazuli":18,"minecraft:stripped_birch_log":1,"minecraft:dirt":9,"minecraft:bow":2,"minecraft:wheat_seeds":5,"minecraft:heart_of_the_sea":1,"minecraft:moss_block":1,"minecraft:soul_sand":3,"minecraft:oak_planks":2,"minecraft:book":18,"minecraft:scaffolding":3,"minecraft:smooth_basalt":2,"minecraft:cooked_porkchop":8,"minecraft:sand":38,"minecraft:white_bed":8,"minecraft:spruce_log":7,"minecraft:dark_oak_log":12,"minecraft:spruce_door":7,"minecraft:diamond":4,"minecraft:stone_axe":1,"minecraft:emerald":4,"minecraft:oak_sapling":10,"minecraft:coal":9}},"DataVersion":3953}