{"stats":{"minecraft:mined":{"minecraft:white_bed":3,"minecraft:oak_sapling":2,"minecraft:smoker":1,"minecraft:stripped_birch_log":1,"minecraft:spruce_door":3,"minecraft:crafting_table":5,"minecraft:short_grass":3,"minecraft:chest":1,"minecraft:dead_bush":1,"minecraft:cobblestone":12,"minecraft:furnace":2,"minecraft:birch_log":18,"minecraft:iron_ore":9,"minecraft:spruce_log":7,"minecraft:coal_ore":7,"minecraft:oak_log":34,"minecraft:sand":22,"minecraft:stone":20,"minecraft:oak_leaves":1,"minecraft:fern":1},"minecraft:crafted":{"minecraft:cooked_beef":3,"minecraft:stone_shovel":1,"minecraft:cooked_porkchop":6,"minecraft:crafting_table":1,"minecraft:spruce_planks":28,"minecraft:wooden_pickaxe":1,"minecraft:spruce_door":3,"minecraft:furnace":2,"minecraft:stone_axe":1,"minecraft:cooked_mutton":3,"minecraft:air":0,"minecraft:charcoal":23,"minecraft:stick":24,"minecraft:iron_ingot":6,"minecraft:stone_pickaxe":1,"minecraft:stone_sword":1,"minecraft:white_bed":1,"minecraft:torch":16,"minecraft:smoker":1},"minecraft:killed":{"minecraft:pig":5,"minecraft:zombie":1,"minecraft:cow":11},"minecraft:custom":{"minecraft:interact_with_furnace":28,"minecraft:mob_kills":17,"minecraft:interact_with_crafting_table":14,"minecraft:leave_game":2,"minecraft:time_since_death":57993,"minecraft:sleep_in_bed":3,"minecraft:time_since_rest":10974,"minecraft:sprint_one_cm":114907,"minecraft:damage_taken":210,"minecraft:walk_one_cm":29117,"minecraft:drop":6,"minecraft:damage_dealt":1740,"minecraft:swim_one_cm":52475,"minecraft:fly_one_cm":104141,"minecraft:open_chest":6,"minecraft:crouch_one_cm":864,"minecraft:play_time":57993,"minecraft:sneak_time":2122,"minecraft:walk_under_water_one_cm":21583,"minecraft:jump":440,"minecraft:walk_on_water_one_cm":9086,"minecraft:total_world_time":57993,"minecraft:interact_with_smoker":9,"minecraft:fall_one_cm":13186},"minecraft:dropped":{"minecraft:light_gray_wool":1,"minecraft:filled_map":1,"minecraft:sand":16,"minecraft:wooden_pickaxe":1},"minecraft:used":{"minecraft:spruce_door":3,"minecraft:stone_shovel":3,"minecraft:stone_pickaxe":48,"minecraft:wooden_pickaxe":12,"minecraft:torch":1,"minecraft:sand":22,"minecraft:crafting_table":5,"minecraft:white_bed":3,"minecraft:smoker":2,"minecraft:oak_log":7,"minecraft:stone_axe":86,"minecraft:cobblestone":5,"minecraft:furnace":2,"minecraft:oak_sapling":10,"minecraft:birch_log":7,"minecraft:cooked_beef":3},"minecraft:picked_up":{"minecraft:birch_log":17,"minecraft:charcoal":19,"minecraft:crafting_table":5,"minecraft:leather":11,"minecraft:smoker":1,"minecraft:oak_log":34,"minecraft:stripped_birch_log":1,"minecraft:wheat_seeds":1,"minecraft:beef":22,"minecraft:light_gray_wool":1,"minecraft:chest":1,"minecraft:furnace":2,"minecraft:stick":5,"minecraft:raw_iron":9,"minecraft:torch":1,"minecraft:porkchop":14,"minecraft:sand":38,"minecraft:white_bed":3,"minecraft:spruce_log":7,"minecraft:spruce_door":3,"minecraft:oak_sapling":10,"minecraft:cobblestone":32,"minecraft:mutton":3,"minecraft:coal":7,"minecraft:white_wool":1}},"DataVersion":3953}